Cause,time,est,Risk,CVDRx,LiverRx,estRx,Stage,Age
Other,10,6.220000000000059,Base case,0,0,6.220000000000059,F3,45
Liver,10,4.880000000000025,Base case,0,0,4.880000000000025,F3,45
Other,10,6.220000000000059,Base case,0.95,0,2.3636000000000226,F3,45
Liver,10,4.880000000000025,Base case,0.95,0,4.880000000000025,F3,45
Other,10,6.220000000000059,Base case,0.9,0,2.239200000000021,F3,45
Liver,10,4.880000000000025,Base case,0.9,0,4.880000000000025,F3,45
Other,10,6.220000000000059,Base case,0.85,0,2.11480000000002,F3,45
Liver,10,4.880000000000025,Base case,0.85,0,4.880000000000025,F3,45
Other,10,6.220000000000059,Base case,1,0.1,2.488000000000024,F3,45
Liver,10,4.880000000000025,Base case,1,0.1,4.3920000000000226,F3,45
Other,10,6.220000000000059,Base case,1,0.2,2.488000000000024,F3,45
Liver,10,4.880000000000025,Base case,1,0.2,3.90400000000002,F3,45
Other,10,6.220000000000059,Base case,1,0.3,2.488000000000024,F3,45
Liver,10,4.880000000000025,Base case,1,0.3,3.416000000000017,F3,45
Other,10,6.220000000000059,Base case,1,0.4,2.488000000000024,F3,45
Liver,10,4.880000000000025,Base case,1,0.4,2.9280000000000146,F3,45
Other,10,6.220000000000059,Base case,1,0.5,2.488000000000024,F3,45
Liver,10,4.880000000000025,Base case,1,0.5,2.4400000000000124,F3,45
Other,10,6.220000000000059,Base case,1,0.6,2.488000000000024,F3,45
Liver,10,4.880000000000025,Base case,1,0.6,1.95200000000001,F3,45
Other,10,6.220000000000059,Base case,1,0.7,2.488000000000024,F3,45
Liver,10,4.880000000000025,Base case,1,0.7,1.4640000000000077,F3,45
Other,10,6.220000000000059,Base case,0.95,0.1,2.3636000000000226,F3,45
Liver,10,4.880000000000025,Base case,0.95,0.1,4.3920000000000226,F3,45
Other,10,6.220000000000059,Base case,0.95,0.2,2.3636000000000226,F3,45
Liver,10,4.880000000000025,Base case,0.95,0.2,3.90400000000002,F3,45
Other,10,6.220000000000059,Base case,0.95,0.3,2.3636000000000226,F3,45
Liver,10,4.880000000000025,Base case,0.95,0.3,3.416000000000017,F3,45
Other,10,6.220000000000059,Base case,0.95,0.4,2.3636000000000226,F3,45
Liver,10,4.880000000000025,Base case,0.95,0.4,2.9280000000000146,F3,45
Other,10,6.220000000000059,Base case,0.95,0.5,2.3636000000000226,F3,45
Liver,10,4.880000000000025,Base case,0.95,0.5,2.4400000000000124,F3,45
Other,10,6.220000000000059,Base case,0.95,0.6,2.3636000000000226,F3,45
Liver,10,4.880000000000025,Base case,0.95,0.6,1.95200000000001,F3,45
Other,10,6.220000000000059,Base case,0.95,0.7,2.3636000000000226,F3,45
Liver,10,4.880000000000025,Base case,0.95,0.7,1.4640000000000077,F3,45
Other,10,6.220000000000059,Base case,0.9,0.1,2.239200000000021,F3,45
Liver,10,4.880000000000025,Base case,0.9,0.1,4.3920000000000226,F3,45
Other,10,6.220000000000059,Base case,0.9,0.2,2.239200000000021,F3,45
Liver,10,4.880000000000025,Base case,0.9,0.2,3.90400000000002,F3,45
Other,10,6.220000000000059,Base case,0.9,0.3,2.239200000000021,F3,45
Liver,10,4.880000000000025,Base case,0.9,0.3,3.416000000000017,F3,45
Other,10,6.220000000000059,Base case,0.9,0.4,2.239200000000021,F3,45
Liver,10,4.880000000000025,Base case,0.9,0.4,2.9280000000000146,F3,45
Other,10,6.220000000000059,Base case,0.9,0.5,2.239200000000021,F3,45
Liver,10,4.880000000000025,Base case,0.9,0.5,2.4400000000000124,F3,45
Other,10,6.220000000000059,Base case,0.9,0.6,2.239200000000021,F3,45
Liver,10,4.880000000000025,Base case,0.9,0.6,1.95200000000001,F3,45
Other,10,6.220000000000059,Base case,0.9,0.7,2.239200000000021,F3,45
Liver,10,4.880000000000025,Base case,0.9,0.7,1.4640000000000077,F3,45
Other,10,6.220000000000059,Base case,0.85,0.1,2.11480000000002,F3,45
Liver,10,4.880000000000025,Base case,0.85,0.1,4.3920000000000226,F3,45
Other,10,6.220000000000059,Base case,0.85,0.2,2.11480000000002,F3,45
Liver,10,4.880000000000025,Base case,0.85,0.2,3.90400000000002,F3,45
Other,10,6.220000000000059,Base case,0.85,0.3,2.11480000000002,F3,45
Liver,10,4.880000000000025,Base case,0.85,0.3,3.416000000000017,F3,45
Other,10,6.220000000000059,Base case,0.85,0.4,2.11480000000002,F3,45
Liver,10,4.880000000000025,Base case,0.85,0.4,2.9280000000000146,F3,45
Other,10,6.220000000000059,Base case,0.85,0.5,2.11480000000002,F3,45
Liver,10,4.880000000000025,Base case,0.85,0.5,2.4400000000000124,F3,45
Other,10,6.220000000000059,Base case,0.85,0.6,2.11480000000002,F3,45
Liver,10,4.880000000000025,Base case,0.85,0.6,1.95200000000001,F3,45
Other,10,6.220000000000059,Base case,0.85,0.7,2.11480000000002,F3,45
Liver,10,4.880000000000025,Base case,0.85,0.7,1.4640000000000077,F3,45
Other,10,6.220000000000059,Base case,1.05,0.1,2.612400000000025,F3,45
Liver,10,4.880000000000025,Base case,1.05,0.1,4.3920000000000226,F3,45
Other,10,6.220000000000059,Base case,1.05,0.2,2.612400000000025,F3,45
Liver,10,4.880000000000025,Base case,1.05,0.2,3.90400000000002,F3,45
Other,10,6.220000000000059,Base case,1.05,0.3,2.612400000000025,F3,45
Liver,10,4.880000000000025,Base case,1.05,0.3,3.416000000000017,F3,45
Other,10,6.220000000000059,Base case,1.05,0.4,2.612400000000025,F3,45
Liver,10,4.880000000000025,Base case,1.05,0.4,2.9280000000000146,F3,45
Other,10,6.220000000000059,Base case,1.1,0.5,2.7368000000000263,F3,45
Liver,10,4.880000000000025,Base case,1.1,0.5,2.4400000000000124,F3,45
Other,10,6.220000000000059,Base case,1.05,0.6,2.612400000000025,F3,45
Liver,10,4.880000000000025,Base case,1.05,0.6,1.95200000000001,F3,45
Other,10,6.220000000000059,Base case,1.05,0.7,2.612400000000025,F3,45
Liver,10,4.880000000000025,Base case,1.05,0.7,1.4640000000000077,F3,45
Other,10,6.220000000000059,Base case,1.1,0.1,2.7368000000000263,F3,45
Liver,10,4.880000000000025,Base case,1.1,0.1,4.3920000000000226,F3,45
Other,10,6.220000000000059,Base case,1.1,0.2,2.7368000000000263,F3,45
Liver,10,4.880000000000025,Base case,1.1,0.2,3.90400000000002,F3,45
Other,10,6.220000000000059,Base case,1.1,0.3,2.7368000000000263,F3,45
Liver,10,4.880000000000025,Base case,1.1,0.3,3.416000000000017,F3,45
Other,10,6.220000000000059,Base case,1.1,0.4,2.7368000000000263,F3,45
Liver,10,4.880000000000025,Base case,1.1,0.4,2.9280000000000146,F3,45
Other,10,6.220000000000059,Base case,1.05,0.5,2.612400000000025,F3,45
Liver,10,4.880000000000025,Base case,1.05,0.5,2.4400000000000124,F3,45
Other,10,6.220000000000059,Base case,1.1,0.6,2.7368000000000263,F3,45
Liver,10,4.880000000000025,Base case,1.1,0.6,1.95200000000001,F3,45
Other,10,6.220000000000059,Base case,1.1,0.7,2.7368000000000263,F3,45
Liver,10,4.880000000000025,Base case,1.1,0.7,1.4640000000000077,F3,45
Other,10,16.71999999999999,Base case,0,0,16.71999999999999,F3,55
Liver,10,4.460000000000015,Base case,0,0,4.460000000000015,F3,55
Other,10,16.71999999999999,Base case,0.95,0,6.353599999999998,F3,55
Liver,10,4.460000000000015,Base case,0.95,0,4.460000000000015,F3,55
Other,10,16.71999999999999,Base case,0.9,0,6.019199999999998,F3,55
Liver,10,4.460000000000015,Base case,0.9,0,4.460000000000015,F3,55
Other,10,16.71999999999999,Base case,0.85,0,5.684799999999998,F3,55
Liver,10,4.460000000000015,Base case,0.85,0,4.460000000000015,F3,55
Other,10,16.71999999999999,Base case,1,0.1,6.687999999999998,F3,55
Liver,10,4.460000000000015,Base case,1,0.1,4.0140000000000144,F3,55
Other,10,16.71999999999999,Base case,1,0.2,6.687999999999998,F3,55
Liver,10,4.460000000000015,Base case,1,0.2,3.568000000000012,F3,55
Other,10,16.71999999999999,Base case,1,0.3,6.687999999999998,F3,55
Liver,10,4.460000000000015,Base case,1,0.3,3.1220000000000105,F3,55
Other,10,16.71999999999999,Base case,1,0.4,6.687999999999998,F3,55
Liver,10,4.460000000000015,Base case,1,0.4,2.6760000000000095,F3,55
Other,10,16.71999999999999,Base case,1,0.5,6.687999999999998,F3,55
Liver,10,4.460000000000015,Base case,1,0.5,2.2300000000000075,F3,55
Other,10,16.71999999999999,Base case,1,0.6,6.687999999999998,F3,55
Liver,10,4.460000000000015,Base case,1,0.6,1.784000000000006,F3,55
Other,10,16.71999999999999,Base case,1,0.7,6.687999999999998,F3,55
Liver,10,4.460000000000015,Base case,1,0.7,1.3380000000000047,F3,55
Other,10,16.71999999999999,Base case,0.95,0.1,6.353599999999998,F3,55
Liver,10,4.460000000000015,Base case,0.95,0.1,4.0140000000000144,F3,55
Other,10,16.71999999999999,Base case,0.95,0.2,6.353599999999998,F3,55
Liver,10,4.460000000000015,Base case,0.95,0.2,3.568000000000012,F3,55
Other,10,16.71999999999999,Base case,0.95,0.3,6.353599999999998,F3,55
Liver,10,4.460000000000015,Base case,0.95,0.3,3.1220000000000105,F3,55
Other,10,16.71999999999999,Base case,0.95,0.4,6.353599999999998,F3,55
Liver,10,4.460000000000015,Base case,0.95,0.4,2.6760000000000095,F3,55
Other,10,16.71999999999999,Base case,0.95,0.5,6.353599999999998,F3,55
Liver,10,4.460000000000015,Base case,0.95,0.5,2.2300000000000075,F3,55
Other,10,16.71999999999999,Base case,0.95,0.6,6.353599999999998,F3,55
Liver,10,4.460000000000015,Base case,0.95,0.6,1.784000000000006,F3,55
Other,10,16.71999999999999,Base case,0.95,0.7,6.353599999999998,F3,55
Liver,10,4.460000000000015,Base case,0.95,0.7,1.3380000000000047,F3,55
Other,10,16.71999999999999,Base case,0.9,0.1,6.019199999999998,F3,55
Liver,10,4.460000000000015,Base case,0.9,0.1,4.0140000000000144,F3,55
Other,10,16.71999999999999,Base case,0.9,0.2,6.019199999999998,F3,55
Liver,10,4.460000000000015,Base case,0.9,0.2,3.568000000000012,F3,55
Other,10,16.71999999999999,Base case,0.9,0.3,6.019199999999998,F3,55
Liver,10,4.460000000000015,Base case,0.9,0.3,3.1220000000000105,F3,55
Other,10,16.71999999999999,Base case,0.9,0.4,6.019199999999998,F3,55
Liver,10,4.460000000000015,Base case,0.9,0.4,2.6760000000000095,F3,55
Other,10,16.71999999999999,Base case,0.9,0.5,6.019199999999998,F3,55
Liver,10,4.460000000000015,Base case,0.9,0.5,2.2300000000000075,F3,55
Other,10,16.71999999999999,Base case,0.9,0.6,6.019199999999998,F3,55
Liver,10,4.460000000000015,Base case,0.9,0.6,1.784000000000006,F3,55
Other,10,16.71999999999999,Base case,0.9,0.7,6.019199999999998,F3,55
Liver,10,4.460000000000015,Base case,0.9,0.7,1.3380000000000047,F3,55
Other,10,16.71999999999999,Base case,0.85,0.1,5.684799999999998,F3,55
Liver,10,4.460000000000015,Base case,0.85,0.1,4.0140000000000144,F3,55
Other,10,16.71999999999999,Base case,0.85,0.2,5.684799999999998,F3,55
Liver,10,4.460000000000015,Base case,0.85,0.2,3.568000000000012,F3,55
Other,10,16.71999999999999,Base case,0.85,0.3,5.684799999999998,F3,55
Liver,10,4.460000000000015,Base case,0.85,0.3,3.1220000000000105,F3,55
Other,10,16.71999999999999,Base case,0.85,0.4,5.684799999999998,F3,55
Liver,10,4.460000000000015,Base case,0.85,0.4,2.6760000000000095,F3,55
Other,10,16.71999999999999,Base case,0.85,0.5,5.684799999999998,F3,55
Liver,10,4.460000000000015,Base case,0.85,0.5,2.2300000000000075,F3,55
Other,10,16.71999999999999,Base case,0.85,0.6,5.684799999999998,F3,55
Liver,10,4.460000000000015,Base case,0.85,0.6,1.784000000000006,F3,55
Other,10,16.71999999999999,Base case,0.85,0.7,5.684799999999998,F3,55
Liver,10,4.460000000000015,Base case,0.85,0.7,1.3380000000000047,F3,55
Other,10,16.71999999999999,Base case,1.05,0.1,7.022399999999998,F3,55
Liver,10,4.460000000000015,Base case,1.05,0.1,4.0140000000000144,F3,55
Other,10,16.71999999999999,Base case,1.05,0.2,7.022399999999998,F3,55
Liver,10,4.460000000000015,Base case,1.05,0.2,3.568000000000012,F3,55
Other,10,16.71999999999999,Base case,1.05,0.3,7.022399999999998,F3,55
Liver,10,4.460000000000015,Base case,1.05,0.3,3.1220000000000105,F3,55
Other,10,16.71999999999999,Base case,1.05,0.4,7.022399999999998,F3,55
Liver,10,4.460000000000015,Base case,1.05,0.4,2.6760000000000095,F3,55
Other,10,16.71999999999999,Base case,1.1,0.5,7.356799999999998,F3,55
Liver,10,4.460000000000015,Base case,1.1,0.5,2.2300000000000075,F3,55
Other,10,16.71999999999999,Base case,1.05,0.6,7.022399999999998,F3,55
Liver,10,4.460000000000015,Base case,1.05,0.6,1.784000000000006,F3,55
Other,10,16.71999999999999,Base case,1.05,0.7,7.022399999999998,F3,55
Liver,10,4.460000000000015,Base case,1.05,0.7,1.3380000000000047,F3,55
Other,10,16.71999999999999,Base case,1.1,0.1,7.356799999999998,F3,55
Liver,10,4.460000000000015,Base case,1.1,0.1,4.0140000000000144,F3,55
Other,10,16.71999999999999,Base case,1.1,0.2,7.356799999999998,F3,55
Liver,10,4.460000000000015,Base case,1.1,0.2,3.568000000000012,F3,55
Other,10,16.71999999999999,Base case,1.1,0.3,7.356799999999998,F3,55
Liver,10,4.460000000000015,Base case,1.1,0.3,3.1220000000000105,F3,55
Other,10,16.71999999999999,Base case,1.1,0.4,7.356799999999998,F3,55
Liver,10,4.460000000000015,Base case,1.1,0.4,2.6760000000000095,F3,55
Other,10,16.71999999999999,Base case,1.05,0.5,7.022399999999998,F3,55
Liver,10,4.460000000000015,Base case,1.05,0.5,2.2300000000000075,F3,55
Other,10,16.71999999999999,Base case,1.1,0.6,7.356799999999998,F3,55
Liver,10,4.460000000000015,Base case,1.1,0.6,1.784000000000006,F3,55
Other,10,16.71999999999999,Base case,1.1,0.7,7.356799999999998,F3,55
Liver,10,4.460000000000015,Base case,1.1,0.7,1.3380000000000047,F3,55
Other,10,39.72999999999897,Base case,0,0,39.72999999999897,F3,65
Liver,10,3.729999999999999,Base case,0,0,3.729999999999999,F3,65
Other,10,39.72999999999897,Base case,0.95,0,15.097399999999606,F3,65
Liver,10,3.729999999999999,Base case,0.95,0,3.729999999999999,F3,65
Other,10,39.72999999999897,Base case,0.9,0,14.30279999999963,F3,65
Liver,10,3.729999999999999,Base case,0.9,0,3.729999999999999,F3,65
Other,10,39.72999999999897,Base case,0.85,0,13.508199999999649,F3,65
Liver,10,3.729999999999999,Base case,0.85,0,3.729999999999999,F3,65
Other,10,39.72999999999897,Base case,1,0.1,15.891999999999587,F3,65
Liver,10,3.729999999999999,Base case,1,0.1,3.3569999999999998,F3,65
Other,10,39.72999999999897,Base case,1,0.2,15.891999999999587,F3,65
Liver,10,3.729999999999999,Base case,1,0.2,2.9839999999999995,F3,65
Other,10,39.72999999999897,Base case,1,0.3,15.891999999999587,F3,65
Liver,10,3.729999999999999,Base case,1,0.3,2.6109999999999993,F3,65
Other,10,39.72999999999897,Base case,1,0.4,15.891999999999587,F3,65
Liver,10,3.729999999999999,Base case,1,0.4,2.2379999999999995,F3,65
Other,10,39.72999999999897,Base case,1,0.5,15.891999999999587,F3,65
Liver,10,3.729999999999999,Base case,1,0.5,1.8649999999999995,F3,65
Other,10,39.72999999999897,Base case,1,0.6,15.891999999999587,F3,65
Liver,10,3.729999999999999,Base case,1,0.6,1.4919999999999998,F3,65
Other,10,39.72999999999897,Base case,1,0.7,15.891999999999587,F3,65
Liver,10,3.729999999999999,Base case,1,0.7,1.119,F3,65
Other,10,39.72999999999897,Base case,0.95,0.1,15.097399999999606,F3,65
Liver,10,3.729999999999999,Base case,0.95,0.1,3.3569999999999998,F3,65
Other,10,39.72999999999897,Base case,0.95,0.2,15.097399999999606,F3,65
Liver,10,3.729999999999999,Base case,0.95,0.2,2.9839999999999995,F3,65
Other,10,39.72999999999897,Base case,0.95,0.3,15.097399999999606,F3,65
Liver,10,3.729999999999999,Base case,0.95,0.3,2.6109999999999993,F3,65
Other,10,39.72999999999897,Base case,0.95,0.4,15.097399999999606,F3,65
Liver,10,3.729999999999999,Base case,0.95,0.4,2.2379999999999995,F3,65
Other,10,39.72999999999897,Base case,0.95,0.5,15.097399999999606,F3,65
Liver,10,3.729999999999999,Base case,0.95,0.5,1.8649999999999995,F3,65
Other,10,39.72999999999897,Base case,0.95,0.6,15.097399999999606,F3,65
Liver,10,3.729999999999999,Base case,0.95,0.6,1.4919999999999998,F3,65
Other,10,39.72999999999897,Base case,0.95,0.7,15.097399999999606,F3,65
Liver,10,3.729999999999999,Base case,0.95,0.7,1.119,F3,65
Other,10,39.72999999999897,Base case,0.9,0.1,14.30279999999963,F3,65
Liver,10,3.729999999999999,Base case,0.9,0.1,3.3569999999999998,F3,65
Other,10,39.72999999999897,Base case,0.9,0.2,14.30279999999963,F3,65
Liver,10,3.729999999999999,Base case,0.9,0.2,2.9839999999999995,F3,65
Other,10,39.72999999999897,Base case,0.9,0.3,14.30279999999963,F3,65
Liver,10,3.729999999999999,Base case,0.9,0.3,2.6109999999999993,F3,65
Other,10,39.72999999999897,Base case,0.9,0.4,14.30279999999963,F3,65
Liver,10,3.729999999999999,Base case,0.9,0.4,2.2379999999999995,F3,65
Other,10,39.72999999999897,Base case,0.9,0.5,14.30279999999963,F3,65
Liver,10,3.729999999999999,Base case,0.9,0.5,1.8649999999999995,F3,65
Other,10,39.72999999999897,Base case,0.9,0.6,14.30279999999963,F3,65
Liver,10,3.729999999999999,Base case,0.9,0.6,1.4919999999999998,F3,65
Other,10,39.72999999999897,Base case,0.9,0.7,14.30279999999963,F3,65
Liver,10,3.729999999999999,Base case,0.9,0.7,1.119,F3,65
Other,10,39.72999999999897,Base case,0.85,0.1,13.508199999999649,F3,65
Liver,10,3.729999999999999,Base case,0.85,0.1,3.3569999999999998,F3,65
Other,10,39.72999999999897,Base case,0.85,0.2,13.508199999999649,F3,65
Liver,10,3.729999999999999,Base case,0.85,0.2,2.9839999999999995,F3,65
Other,10,39.72999999999897,Base case,0.85,0.3,13.508199999999649,F3,65
Liver,10,3.729999999999999,Base case,0.85,0.3,2.6109999999999993,F3,65
Other,10,39.72999999999897,Base case,0.85,0.4,13.508199999999649,F3,65
Liver,10,3.729999999999999,Base case,0.85,0.4,2.2379999999999995,F3,65
Other,10,39.72999999999897,Base case,0.85,0.5,13.508199999999649,F3,65
Liver,10,3.729999999999999,Base case,0.85,0.5,1.8649999999999995,F3,65
Other,10,39.72999999999897,Base case,0.85,0.6,13.508199999999649,F3,65
Liver,10,3.729999999999999,Base case,0.85,0.6,1.4919999999999998,F3,65
Other,10,39.72999999999897,Base case,0.85,0.7,13.508199999999649,F3,65
Liver,10,3.729999999999999,Base case,0.85,0.7,1.119,F3,65
Other,10,39.72999999999897,Base case,1.05,0.1,16.68659999999957,F3,65
Liver,10,3.729999999999999,Base case,1.05,0.1,3.3569999999999998,F3,65
Other,10,39.72999999999897,Base case,1.05,0.2,16.68659999999957,F3,65
Liver,10,3.729999999999999,Base case,1.05,0.2,2.9839999999999995,F3,65
Other,10,39.72999999999897,Base case,1.05,0.3,16.68659999999957,F3,65
Liver,10,3.729999999999999,Base case,1.05,0.3,2.6109999999999993,F3,65
Other,10,39.72999999999897,Base case,1.05,0.4,16.68659999999957,F3,65
Liver,10,3.729999999999999,Base case,1.05,0.4,2.2379999999999995,F3,65
Other,10,39.72999999999897,Base case,1.1,0.5,17.481199999999546,F3,65
Liver,10,3.729999999999999,Base case,1.1,0.5,1.8649999999999995,F3,65
Other,10,39.72999999999897,Base case,1.05,0.6,16.68659999999957,F3,65
Liver,10,3.729999999999999,Base case,1.05,0.6,1.4919999999999998,F3,65
Other,10,39.72999999999897,Base case,1.05,0.7,16.68659999999957,F3,65
Liver,10,3.729999999999999,Base case,1.05,0.7,1.119,F3,65
Other,10,39.72999999999897,Base case,1.1,0.1,17.481199999999546,F3,65
Liver,10,3.729999999999999,Base case,1.1,0.1,3.3569999999999998,F3,65
Other,10,39.72999999999897,Base case,1.1,0.2,17.481199999999546,F3,65
Liver,10,3.729999999999999,Base case,1.1,0.2,2.9839999999999995,F3,65
Other,10,39.72999999999897,Base case,1.1,0.3,17.481199999999546,F3,65
Liver,10,3.729999999999999,Base case,1.1,0.3,2.6109999999999993,F3,65
Other,10,39.72999999999897,Base case,1.1,0.4,17.481199999999546,F3,65
Liver,10,3.729999999999999,Base case,1.1,0.4,2.2379999999999995,F3,65
Other,10,39.72999999999897,Base case,1.05,0.5,16.68659999999957,F3,65
Liver,10,3.729999999999999,Base case,1.05,0.5,1.8649999999999995,F3,65
Other,10,39.72999999999897,Base case,1.1,0.6,17.481199999999546,F3,65
Liver,10,3.729999999999999,Base case,1.1,0.6,1.4919999999999998,F3,65
Other,10,39.72999999999897,Base case,1.1,0.7,17.481199999999546,F3,65
Liver,10,3.729999999999999,Base case,1.1,0.7,1.119,F3,65
Other,10,5.990000000000046,Low,0,0,5.990000000000046,F3,45
Liver,10,4.140000000000012,Low,0,0,4.140000000000012,F3,45
Other,10,5.990000000000046,Low,0.95,0,2.276200000000018,F3,45
Liver,10,4.140000000000012,Low,0.95,0,4.140000000000012,F3,45
Other,10,5.990000000000046,Low,0.9,0,2.156400000000017,F3,45
Liver,10,4.140000000000012,Low,0.9,0,4.140000000000012,F3,45
Other,10,5.990000000000046,Low,0.85,0,2.036600000000016,F3,45
Liver,10,4.140000000000012,Low,0.85,0,4.140000000000012,F3,45
Other,10,5.990000000000046,Low,1,0.1,2.396000000000019,F3,45
Liver,10,4.140000000000012,Low,1,0.1,3.726000000000011,F3,45
Other,10,5.990000000000046,Low,1,0.2,2.396000000000019,F3,45
Liver,10,4.140000000000012,Low,1,0.2,3.31200000000001,F3,45
Other,10,5.990000000000046,Low,1,0.3,2.396000000000019,F3,45
Liver,10,4.140000000000012,Low,1,0.3,2.8980000000000086,F3,45
Other,10,5.990000000000046,Low,1,0.4,2.396000000000019,F3,45
Liver,10,4.140000000000012,Low,1,0.4,2.4840000000000075,F3,45
Other,10,5.990000000000046,Low,1,0.5,2.396000000000019,F3,45
Liver,10,4.140000000000012,Low,1,0.5,2.070000000000006,F3,45
Other,10,5.990000000000046,Low,1,0.6,2.396000000000019,F3,45
Liver,10,4.140000000000012,Low,1,0.6,1.656000000000005,F3,45
Other,10,5.990000000000046,Low,1,0.7,2.396000000000019,F3,45
Liver,10,4.140000000000012,Low,1,0.7,1.2420000000000038,F3,45
Other,10,5.990000000000046,Low,0.95,0.1,2.276200000000018,F3,45
Liver,10,4.140000000000012,Low,0.95,0.1,3.726000000000011,F3,45
Other,10,5.990000000000046,Low,0.95,0.2,2.276200000000018,F3,45
Liver,10,4.140000000000012,Low,0.95,0.2,3.31200000000001,F3,45
Other,10,5.990000000000046,Low,0.95,0.3,2.276200000000018,F3,45
Liver,10,4.140000000000012,Low,0.95,0.3,2.8980000000000086,F3,45
Other,10,5.990000000000046,Low,0.95,0.4,2.276200000000018,F3,45
Liver,10,4.140000000000012,Low,0.95,0.4,2.4840000000000075,F3,45
Other,10,5.990000000000046,Low,0.95,0.5,2.276200000000018,F3,45
Liver,10,4.140000000000012,Low,0.95,0.5,2.070000000000006,F3,45
Other,10,5.990000000000046,Low,0.95,0.6,2.276200000000018,F3,45
Liver,10,4.140000000000012,Low,0.95,0.6,1.656000000000005,F3,45
Other,10,5.990000000000046,Low,0.95,0.7,2.276200000000018,F3,45
Liver,10,4.140000000000012,Low,0.95,0.7,1.2420000000000038,F3,45
Other,10,5.990000000000046,Low,0.9,0.1,2.156400000000017,F3,45
Liver,10,4.140000000000012,Low,0.9,0.1,3.726000000000011,F3,45
Other,10,5.990000000000046,Low,0.9,0.2,2.156400000000017,F3,45
Liver,10,4.140000000000012,Low,0.9,0.2,3.31200000000001,F3,45
Other,10,5.990000000000046,Low,0.9,0.3,2.156400000000017,F3,45
Liver,10,4.140000000000012,Low,0.9,0.3,2.8980000000000086,F3,45
Other,10,5.990000000000046,Low,0.9,0.4,2.156400000000017,F3,45
Liver,10,4.140000000000012,Low,0.9,0.4,2.4840000000000075,F3,45
Other,10,5.990000000000046,Low,0.9,0.5,2.156400000000017,F3,45
Liver,10,4.140000000000012,Low,0.9,0.5,2.070000000000006,F3,45
Other,10,5.990000000000046,Low,0.9,0.6,2.156400000000017,F3,45
Liver,10,4.140000000000012,Low,0.9,0.6,1.656000000000005,F3,45
Other,10,5.990000000000046,Low,0.9,0.7,2.156400000000017,F3,45
Liver,10,4.140000000000012,Low,0.9,0.7,1.2420000000000038,F3,45
Other,10,5.990000000000046,Low,0.85,0.1,2.036600000000016,F3,45
Liver,10,4.140000000000012,Low,0.85,0.1,3.726000000000011,F3,45
Other,10,5.990000000000046,Low,0.85,0.2,2.036600000000016,F3,45
Liver,10,4.140000000000012,Low,0.85,0.2,3.31200000000001,F3,45
Other,10,5.990000000000046,Low,0.85,0.3,2.036600000000016,F3,45
Liver,10,4.140000000000012,Low,0.85,0.3,2.8980000000000086,F3,45
Other,10,5.990000000000046,Low,0.85,0.4,2.036600000000016,F3,45
Liver,10,4.140000000000012,Low,0.85,0.4,2.4840000000000075,F3,45
Other,10,5.990000000000046,Low,0.85,0.5,2.036600000000016,F3,45
Liver,10,4.140000000000012,Low,0.85,0.5,2.070000000000006,F3,45
Other,10,5.990000000000046,Low,0.85,0.6,2.036600000000016,F3,45
Liver,10,4.140000000000012,Low,0.85,0.6,1.656000000000005,F3,45
Other,10,5.990000000000046,Low,0.85,0.7,2.036600000000016,F3,45
Liver,10,4.140000000000012,Low,0.85,0.7,1.2420000000000038,F3,45
Other,10,5.990000000000046,Low,1.05,0.1,2.51580000000002,F3,45
Liver,10,4.140000000000012,Low,1.05,0.1,3.726000000000011,F3,45
Other,10,5.990000000000046,Low,1.05,0.2,2.51580000000002,F3,45
Liver,10,4.140000000000012,Low,1.05,0.2,3.31200000000001,F3,45
Other,10,5.990000000000046,Low,1.05,0.3,2.51580000000002,F3,45
Liver,10,4.140000000000012,Low,1.05,0.3,2.8980000000000086,F3,45
Other,10,5.990000000000046,Low,1.05,0.4,2.51580000000002,F3,45
Liver,10,4.140000000000012,Low,1.05,0.4,2.4840000000000075,F3,45
Other,10,5.990000000000046,Low,1.1,0.5,2.635600000000021,F3,45
Liver,10,4.140000000000012,Low,1.1,0.5,2.070000000000006,F3,45
Other,10,5.990000000000046,Low,1.05,0.6,2.51580000000002,F3,45
Liver,10,4.140000000000012,Low,1.05,0.6,1.656000000000005,F3,45
Other,10,5.990000000000046,Low,1.05,0.7,2.51580000000002,F3,45
Liver,10,4.140000000000012,Low,1.05,0.7,1.2420000000000038,F3,45
Other,10,5.990000000000046,Low,1.1,0.1,2.635600000000021,F3,45
Liver,10,4.140000000000012,Low,1.1,0.1,3.726000000000011,F3,45
Other,10,5.990000000000046,Low,1.1,0.2,2.635600000000021,F3,45
Liver,10,4.140000000000012,Low,1.1,0.2,3.31200000000001,F3,45
Other,10,5.990000000000046,Low,1.1,0.3,2.635600000000021,F3,45
Liver,10,4.140000000000012,Low,1.1,0.3,2.8980000000000086,F3,45
Other,10,5.990000000000046,Low,1.1,0.4,2.635600000000021,F3,45
Liver,10,4.140000000000012,Low,1.1,0.4,2.4840000000000075,F3,45
Other,10,5.990000000000046,Low,1.05,0.5,2.51580000000002,F3,45
Liver,10,4.140000000000012,Low,1.05,0.5,2.070000000000006,F3,45
Other,10,5.990000000000046,Low,1.1,0.6,2.635600000000021,F3,45
Liver,10,4.140000000000012,Low,1.1,0.6,1.656000000000005,F3,45
Other,10,5.990000000000046,Low,1.1,0.7,2.635600000000021,F3,45
Liver,10,4.140000000000012,Low,1.1,0.7,1.2420000000000038,F3,45
Other,10,16.589999999999993,Low,0,0,16.589999999999993,F3,55
Liver,10,3.4399999999999937,Low,0,0,3.4399999999999937,F3,55
Other,10,16.589999999999993,Low,0.95,0,6.304199999999997,F3,55
Liver,10,3.4399999999999937,Low,0.95,0,3.4399999999999937,F3,55
Other,10,16.589999999999993,Low,0.9,0,5.972399999999998,F3,55
Liver,10,3.4399999999999937,Low,0.9,0,3.4399999999999937,F3,55
Other,10,16.589999999999993,Low,0.85,0,5.640599999999997,F3,55
Liver,10,3.4399999999999937,Low,0.85,0,3.4399999999999937,F3,55
Other,10,16.589999999999993,Low,1,0.1,6.6359999999999975,F3,55
Liver,10,3.4399999999999937,Low,1,0.1,3.0959999999999948,F3,55
Other,10,16.589999999999993,Low,1,0.2,6.6359999999999975,F3,55
Liver,10,3.4399999999999937,Low,1,0.2,2.751999999999995,F3,55
Other,10,16.589999999999993,Low,1,0.3,6.6359999999999975,F3,55
Liver,10,3.4399999999999937,Low,1,0.3,2.4079999999999955,F3,55
Other,10,16.589999999999993,Low,1,0.4,6.6359999999999975,F3,55
Liver,10,3.4399999999999937,Low,1,0.4,2.063999999999996,F3,55
Other,10,16.589999999999993,Low,1,0.5,6.6359999999999975,F3,55
Liver,10,3.4399999999999937,Low,1,0.5,1.7199999999999969,F3,55
Other,10,16.589999999999993,Low,1,0.6,6.6359999999999975,F3,55
Liver,10,3.4399999999999937,Low,1,0.6,1.3759999999999974,F3,55
Other,10,16.589999999999993,Low,1,0.7,6.6359999999999975,F3,55
Liver,10,3.4399999999999937,Low,1,0.7,1.0319999999999983,F3,55
Other,10,16.589999999999993,Low,0.95,0.1,6.304199999999997,F3,55
Liver,10,3.4399999999999937,Low,0.95,0.1,3.0959999999999948,F3,55
Other,10,16.589999999999993,Low,0.95,0.2,6.304199999999997,F3,55
Liver,10,3.4399999999999937,Low,0.95,0.2,2.751999999999995,F3,55
Other,10,16.589999999999993,Low,0.95,0.3,6.304199999999997,F3,55
Liver,10,3.4399999999999937,Low,0.95,0.3,2.4079999999999955,F3,55
Other,10,16.589999999999993,Low,0.95,0.4,6.304199999999997,F3,55
Liver,10,3.4399999999999937,Low,0.95,0.4,2.063999999999996,F3,55
Other,10,16.589999999999993,Low,0.95,0.5,6.304199999999997,F3,55
Liver,10,3.4399999999999937,Low,0.95,0.5,1.7199999999999969,F3,55
Other,10,16.589999999999993,Low,0.95,0.6,6.304199999999997,F3,55
Liver,10,3.4399999999999937,Low,0.95,0.6,1.3759999999999974,F3,55
Other,10,16.589999999999993,Low,0.95,0.7,6.304199999999997,F3,55
Liver,10,3.4399999999999937,Low,0.95,0.7,1.0319999999999983,F3,55
Other,10,16.589999999999993,Low,0.9,0.1,5.972399999999998,F3,55
Liver,10,3.4399999999999937,Low,0.9,0.1,3.0959999999999948,F3,55
Other,10,16.589999999999993,Low,0.9,0.2,5.972399999999998,F3,55
Liver,10,3.4399999999999937,Low,0.9,0.2,2.751999999999995,F3,55
Other,10,16.589999999999993,Low,0.9,0.3,5.972399999999998,F3,55
Liver,10,3.4399999999999937,Low,0.9,0.3,2.4079999999999955,F3,55
Other,10,16.589999999999993,Low,0.9,0.4,5.972399999999998,F3,55
Liver,10,3.4399999999999937,Low,0.9,0.4,2.063999999999996,F3,55
Other,10,16.589999999999993,Low,0.9,0.5,5.972399999999998,F3,55
Liver,10,3.4399999999999937,Low,0.9,0.5,1.7199999999999969,F3,55
Other,10,16.589999999999993,Low,0.9,0.6,5.972399999999998,F3,55
Liver,10,3.4399999999999937,Low,0.9,0.6,1.3759999999999974,F3,55
Other,10,16.589999999999993,Low,0.9,0.7,5.972399999999998,F3,55
Liver,10,3.4399999999999937,Low,0.9,0.7,1.0319999999999983,F3,55
Other,10,16.589999999999993,Low,0.85,0.1,5.640599999999997,F3,55
Liver,10,3.4399999999999937,Low,0.85,0.1,3.0959999999999948,F3,55
Other,10,16.589999999999993,Low,0.85,0.2,5.640599999999997,F3,55
Liver,10,3.4399999999999937,Low,0.85,0.2,2.751999999999995,F3,55
Other,10,16.589999999999993,Low,0.85,0.3,5.640599999999997,F3,55
Liver,10,3.4399999999999937,Low,0.85,0.3,2.4079999999999955,F3,55
Other,10,16.589999999999993,Low,0.85,0.4,5.640599999999997,F3,55
Liver,10,3.4399999999999937,Low,0.85,0.4,2.063999999999996,F3,55
Other,10,16.589999999999993,Low,0.85,0.5,5.640599999999997,F3,55
Liver,10,3.4399999999999937,Low,0.85,0.5,1.7199999999999969,F3,55
Other,10,16.589999999999993,Low,0.85,0.6,5.640599999999997,F3,55
Liver,10,3.4399999999999937,Low,0.85,0.6,1.3759999999999974,F3,55
Other,10,16.589999999999993,Low,0.85,0.7,5.640599999999997,F3,55
Liver,10,3.4399999999999937,Low,0.85,0.7,1.0319999999999983,F3,55
Other,10,16.589999999999993,Low,1.05,0.1,6.967799999999998,F3,55
Liver,10,3.4399999999999937,Low,1.05,0.1,3.0959999999999948,F3,55
Other,10,16.589999999999993,Low,1.05,0.2,6.967799999999998,F3,55
Liver,10,3.4399999999999937,Low,1.05,0.2,2.751999999999995,F3,55
Other,10,16.589999999999993,Low,1.05,0.3,6.967799999999998,F3,55
Liver,10,3.4399999999999937,Low,1.05,0.3,2.4079999999999955,F3,55
Other,10,16.589999999999993,Low,1.05,0.4,6.967799999999998,F3,55
Liver,10,3.4399999999999937,Low,1.05,0.4,2.063999999999996,F3,55
Other,10,16.589999999999993,Low,1.1,0.5,7.299599999999998,F3,55
Liver,10,3.4399999999999937,Low,1.1,0.5,1.7199999999999969,F3,55
Other,10,16.589999999999993,Low,1.05,0.6,6.967799999999998,F3,55
Liver,10,3.4399999999999937,Low,1.05,0.6,1.3759999999999974,F3,55
Other,10,16.589999999999993,Low,1.05,0.7,6.967799999999998,F3,55
Liver,10,3.4399999999999937,Low,1.05,0.7,1.0319999999999983,F3,55
Other,10,16.589999999999993,Low,1.1,0.1,7.299599999999998,F3,55
Liver,10,3.4399999999999937,Low,1.1,0.1,3.0959999999999948,F3,55
Other,10,16.589999999999993,Low,1.1,0.2,7.299599999999998,F3,55
Liver,10,3.4399999999999937,Low,1.1,0.2,2.751999999999995,F3,55
Other,10,16.589999999999993,Low,1.1,0.3,7.299599999999998,F3,55
Liver,10,3.4399999999999937,Low,1.1,0.3,2.4079999999999955,F3,55
Other,10,16.589999999999993,Low,1.1,0.4,7.299599999999998,F3,55
Liver,10,3.4399999999999937,Low,1.1,0.4,2.063999999999996,F3,55
Other,10,16.589999999999993,Low,1.05,0.5,6.967799999999998,F3,55
Liver,10,3.4399999999999937,Low,1.05,0.5,1.7199999999999969,F3,55
Other,10,16.589999999999993,Low,1.1,0.6,7.299599999999998,F3,55
Liver,10,3.4399999999999937,Low,1.1,0.6,1.3759999999999974,F3,55
Other,10,16.589999999999993,Low,1.1,0.7,7.299599999999998,F3,55
Liver,10,3.4399999999999937,Low,1.1,0.7,1.0319999999999983,F3,55
Other,10,40.069999999999006,Low,0,0,40.069999999999006,F3,65
Liver,10,3.0399999999999863,Low,0,0,3.0399999999999863,F3,65
Other,10,40.069999999999006,Low,0.95,0,15.226599999999625,F3,65
Liver,10,3.0399999999999863,Low,0.95,0,3.0399999999999863,F3,65
Other,10,40.069999999999006,Low,0.9,0,14.425199999999643,F3,65
Liver,10,3.0399999999999863,Low,0.9,0,3.0399999999999863,F3,65
Other,10,40.069999999999006,Low,0.85,0,13.623799999999664,F3,65
Liver,10,3.0399999999999863,Low,0.85,0,3.0399999999999863,F3,65
Other,10,40.069999999999006,Low,1,0.1,16.027999999999604,F3,65
Liver,10,3.0399999999999863,Low,1,0.1,2.7359999999999873,F3,65
Other,10,40.069999999999006,Low,1,0.2,16.027999999999604,F3,65
Liver,10,3.0399999999999863,Low,1,0.2,2.431999999999989,F3,65
Other,10,40.069999999999006,Low,1,0.3,16.027999999999604,F3,65
Liver,10,3.0399999999999863,Low,1,0.3,2.1279999999999903,F3,65
Other,10,40.069999999999006,Low,1,0.4,16.027999999999604,F3,65
Liver,10,3.0399999999999863,Low,1,0.4,1.8239999999999916,F3,65
Other,10,40.069999999999006,Low,1,0.5,16.027999999999604,F3,65
Liver,10,3.0399999999999863,Low,1,0.5,1.5199999999999931,F3,65
Other,10,40.069999999999006,Low,1,0.6,16.027999999999604,F3,65
Liver,10,3.0399999999999863,Low,1,0.6,1.2159999999999944,F3,65
Other,10,40.069999999999006,Low,1,0.7,16.027999999999604,F3,65
Liver,10,3.0399999999999863,Low,1,0.7,0.9119999999999959,F3,65
Other,10,40.069999999999006,Low,0.95,0.1,15.226599999999625,F3,65
Liver,10,3.0399999999999863,Low,0.95,0.1,2.7359999999999873,F3,65
Other,10,40.069999999999006,Low,0.95,0.2,15.226599999999625,F3,65
Liver,10,3.0399999999999863,Low,0.95,0.2,2.431999999999989,F3,65
Other,10,40.069999999999006,Low,0.95,0.3,15.226599999999625,F3,65
Liver,10,3.0399999999999863,Low,0.95,0.3,2.1279999999999903,F3,65
Other,10,40.069999999999006,Low,0.95,0.4,15.226599999999625,F3,65
Liver,10,3.0399999999999863,Low,0.95,0.4,1.8239999999999916,F3,65
Other,10,40.069999999999006,Low,0.95,0.5,15.226599999999625,F3,65
Liver,10,3.0399999999999863,Low,0.95,0.5,1.5199999999999931,F3,65
Other,10,40.069999999999006,Low,0.95,0.6,15.226599999999625,F3,65
Liver,10,3.0399999999999863,Low,0.95,0.6,1.2159999999999944,F3,65
Other,10,40.069999999999006,Low,0.95,0.7,15.226599999999625,F3,65
Liver,10,3.0399999999999863,Low,0.95,0.7,0.9119999999999959,F3,65
Other,10,40.069999999999006,Low,0.9,0.1,14.425199999999643,F3,65
Liver,10,3.0399999999999863,Low,0.9,0.1,2.7359999999999873,F3,65
Other,10,40.069999999999006,Low,0.9,0.2,14.425199999999643,F3,65
Liver,10,3.0399999999999863,Low,0.9,0.2,2.431999999999989,F3,65
Other,10,40.069999999999006,Low,0.9,0.3,14.425199999999643,F3,65
Liver,10,3.0399999999999863,Low,0.9,0.3,2.1279999999999903,F3,65
Other,10,40.069999999999006,Low,0.9,0.4,14.425199999999643,F3,65
Liver,10,3.0399999999999863,Low,0.9,0.4,1.8239999999999916,F3,65
Other,10,40.069999999999006,Low,0.9,0.5,14.425199999999643,F3,65
Liver,10,3.0399999999999863,Low,0.9,0.5,1.5199999999999931,F3,65
Other,10,40.069999999999006,Low,0.9,0.6,14.425199999999643,F3,65
Liver,10,3.0399999999999863,Low,0.9,0.6,1.2159999999999944,F3,65
Other,10,40.069999999999006,Low,0.9,0.7,14.425199999999643,F3,65
Liver,10,3.0399999999999863,Low,0.9,0.7,0.9119999999999959,F3,65
Other,10,40.069999999999006,Low,0.85,0.1,13.623799999999664,F3,65
Liver,10,3.0399999999999863,Low,0.85,0.1,2.7359999999999873,F3,65
Other,10,40.069999999999006,Low,0.85,0.2,13.623799999999664,F3,65
Liver,10,3.0399999999999863,Low,0.85,0.2,2.431999999999989,F3,65
Other,10,40.069999999999006,Low,0.85,0.3,13.623799999999664,F3,65
Liver,10,3.0399999999999863,Low,0.85,0.3,2.1279999999999903,F3,65
Other,10,40.069999999999006,Low,0.85,0.4,13.623799999999664,F3,65
Liver,10,3.0399999999999863,Low,0.85,0.4,1.8239999999999916,F3,65
Other,10,40.069999999999006,Low,0.85,0.5,13.623799999999664,F3,65
Liver,10,3.0399999999999863,Low,0.85,0.5,1.5199999999999931,F3,65
Other,10,40.069999999999006,Low,0.85,0.6,13.623799999999664,F3,65
Liver,10,3.0399999999999863,Low,0.85,0.6,1.2159999999999944,F3,65
Other,10,40.069999999999006,Low,0.85,0.7,13.623799999999664,F3,65
Liver,10,3.0399999999999863,Low,0.85,0.7,0.9119999999999959,F3,65
Other,10,40.069999999999006,Low,1.05,0.1,16.829399999999584,F3,65
Liver,10,3.0399999999999863,Low,1.05,0.1,2.7359999999999873,F3,65
Other,10,40.069999999999006,Low,1.05,0.2,16.829399999999584,F3,65
Liver,10,3.0399999999999863,Low,1.05,0.2,2.431999999999989,F3,65
Other,10,40.069999999999006,Low,1.05,0.3,16.829399999999584,F3,65
Liver,10,3.0399999999999863,Low,1.05,0.3,2.1279999999999903,F3,65
Other,10,40.069999999999006,Low,1.05,0.4,16.829399999999584,F3,65
Liver,10,3.0399999999999863,Low,1.05,0.4,1.8239999999999916,F3,65
Other,10,40.069999999999006,Low,1.1,0.5,17.630799999999567,F3,65
Liver,10,3.0399999999999863,Low,1.1,0.5,1.5199999999999931,F3,65
Other,10,40.069999999999006,Low,1.05,0.6,16.829399999999584,F3,65
Liver,10,3.0399999999999863,Low,1.05,0.6,1.2159999999999944,F3,65
Other,10,40.069999999999006,Low,1.05,0.7,16.829399999999584,F3,65
Liver,10,3.0399999999999863,Low,1.05,0.7,0.9119999999999959,F3,65
Other,10,40.069999999999006,Low,1.1,0.1,17.630799999999567,F3,65
Liver,10,3.0399999999999863,Low,1.1,0.1,2.7359999999999873,F3,65
Other,10,40.069999999999006,Low,1.1,0.2,17.630799999999567,F3,65
Liver,10,3.0399999999999863,Low,1.1,0.2,2.431999999999989,F3,65
Other,10,40.069999999999006,Low,1.1,0.3,17.630799999999567,F3,65
Liver,10,3.0399999999999863,Low,1.1,0.3,2.1279999999999903,F3,65
Other,10,40.069999999999006,Low,1.1,0.4,17.630799999999567,F3,65
Liver,10,3.0399999999999863,Low,1.1,0.4,1.8239999999999916,F3,65
Other,10,40.069999999999006,Low,1.05,0.5,16.829399999999584,F3,65
Liver,10,3.0399999999999863,Low,1.05,0.5,1.5199999999999931,F3,65
Other,10,40.069999999999006,Low,1.1,0.6,17.630799999999567,F3,65
Liver,10,3.0399999999999863,Low,1.1,0.6,1.2159999999999944,F3,65
Other,10,40.069999999999006,Low,1.1,0.7,17.630799999999567,F3,65
Liver,10,3.0399999999999863,Low,1.1,0.7,0.9119999999999959,F3,65
Other,10,6.070000000000043,High,0,0,6.070000000000043,F3,45
Liver,10,7.280000000000078,High,0,0,7.280000000000078,F3,45
Other,10,6.070000000000043,High,0.95,0,2.3066000000000164,F3,45
Liver,10,7.280000000000078,High,0.95,0,7.280000000000078,F3,45
Other,10,6.070000000000043,High,0.9,0,2.1852000000000156,F3,45
Liver,10,7.280000000000078,High,0.9,0,7.280000000000078,F3,45
Other,10,6.070000000000043,High,0.85,0,2.0638000000000147,F3,45
Liver,10,7.280000000000078,High,0.85,0,7.280000000000078,F3,45
Other,10,6.070000000000043,High,1,0.1,2.4280000000000173,F3,45
Liver,10,7.280000000000078,High,1,0.1,6.552000000000071,F3,45
Other,10,6.070000000000043,High,1,0.2,2.4280000000000173,F3,45
Liver,10,7.280000000000078,High,1,0.2,5.824000000000062,F3,45
Other,10,6.070000000000043,High,1,0.3,2.4280000000000173,F3,45
Liver,10,7.280000000000078,High,1,0.3,5.096000000000054,F3,45
Other,10,6.070000000000043,High,1,0.4,2.4280000000000173,F3,45
Liver,10,7.280000000000078,High,1,0.4,4.3680000000000465,F3,45
Other,10,6.070000000000043,High,1,0.5,2.4280000000000173,F3,45
Liver,10,7.280000000000078,High,1,0.5,3.640000000000039,F3,45
Other,10,6.070000000000043,High,1,0.6,2.4280000000000173,F3,45
Liver,10,7.280000000000078,High,1,0.6,2.912000000000031,F3,45
Other,10,6.070000000000043,High,1,0.7,2.4280000000000173,F3,45
Liver,10,7.280000000000078,High,1,0.7,2.1840000000000237,F3,45
Other,10,6.070000000000043,High,0.95,0.1,2.3066000000000164,F3,45
Liver,10,7.280000000000078,High,0.95,0.1,6.552000000000071,F3,45
Other,10,6.070000000000043,High,0.95,0.2,2.3066000000000164,F3,45
Liver,10,7.280000000000078,High,0.95,0.2,5.824000000000062,F3,45
Other,10,6.070000000000043,High,0.95,0.3,2.3066000000000164,F3,45
Liver,10,7.280000000000078,High,0.95,0.3,5.096000000000054,F3,45
Other,10,6.070000000000043,High,0.95,0.4,2.3066000000000164,F3,45
Liver,10,7.280000000000078,High,0.95,0.4,4.3680000000000465,F3,45
Other,10,6.070000000000043,High,0.95,0.5,2.3066000000000164,F3,45
Liver,10,7.280000000000078,High,0.95,0.5,3.640000000000039,F3,45
Other,10,6.070000000000043,High,0.95,0.6,2.3066000000000164,F3,45
Liver,10,7.280000000000078,High,0.95,0.6,2.912000000000031,F3,45
Other,10,6.070000000000043,High,0.95,0.7,2.3066000000000164,F3,45
Liver,10,7.280000000000078,High,0.95,0.7,2.1840000000000237,F3,45
Other,10,6.070000000000043,High,0.9,0.1,2.1852000000000156,F3,45
Liver,10,7.280000000000078,High,0.9,0.1,6.552000000000071,F3,45
Other,10,6.070000000000043,High,0.9,0.2,2.1852000000000156,F3,45
Liver,10,7.280000000000078,High,0.9,0.2,5.824000000000062,F3,45
Other,10,6.070000000000043,High,0.9,0.3,2.1852000000000156,F3,45
Liver,10,7.280000000000078,High,0.9,0.3,5.096000000000054,F3,45
Other,10,6.070000000000043,High,0.9,0.4,2.1852000000000156,F3,45
Liver,10,7.280000000000078,High,0.9,0.4,4.3680000000000465,F3,45
Other,10,6.070000000000043,High,0.9,0.5,2.1852000000000156,F3,45
Liver,10,7.280000000000078,High,0.9,0.5,3.640000000000039,F3,45
Other,10,6.070000000000043,High,0.9,0.6,2.1852000000000156,F3,45
Liver,10,7.280000000000078,High,0.9,0.6,2.912000000000031,F3,45
Other,10,6.070000000000043,High,0.9,0.7,2.1852000000000156,F3,45
Liver,10,7.280000000000078,High,0.9,0.7,2.1840000000000237,F3,45
Other,10,6.070000000000043,High,0.85,0.1,2.0638000000000147,F3,45
Liver,10,7.280000000000078,High,0.85,0.1,6.552000000000071,F3,45
Other,10,6.070000000000043,High,0.85,0.2,2.0638000000000147,F3,45
Liver,10,7.280000000000078,High,0.85,0.2,5.824000000000062,F3,45
Other,10,6.070000000000043,High,0.85,0.3,2.0638000000000147,F3,45
Liver,10,7.280000000000078,High,0.85,0.3,5.096000000000054,F3,45
Other,10,6.070000000000043,High,0.85,0.4,2.0638000000000147,F3,45
Liver,10,7.280000000000078,High,0.85,0.4,4.3680000000000465,F3,45
Other,10,6.070000000000043,High,0.85,0.5,2.0638000000000147,F3,45
Liver,10,7.280000000000078,High,0.85,0.5,3.640000000000039,F3,45
Other,10,6.070000000000043,High,0.85,0.6,2.0638000000000147,F3,45
Liver,10,7.280000000000078,High,0.85,0.6,2.912000000000031,F3,45
Other,10,6.070000000000043,High,0.85,0.7,2.0638000000000147,F3,45
Liver,10,7.280000000000078,High,0.85,0.7,2.1840000000000237,F3,45
Other,10,6.070000000000043,High,1.05,0.1,2.549400000000018,F3,45
Liver,10,7.280000000000078,High,1.05,0.1,6.552000000000071,F3,45
Other,10,6.070000000000043,High,1.05,0.2,2.549400000000018,F3,45
Liver,10,7.280000000000078,High,1.05,0.2,5.824000000000062,F3,45
Other,10,6.070000000000043,High,1.05,0.3,2.549400000000018,F3,45
Liver,10,7.280000000000078,High,1.05,0.3,5.096000000000054,F3,45
Other,10,6.070000000000043,High,1.05,0.4,2.549400000000018,F3,45
Liver,10,7.280000000000078,High,1.05,0.4,4.3680000000000465,F3,45
Other,10,6.070000000000043,High,1.1,0.5,2.6708000000000194,F3,45
Liver,10,7.280000000000078,High,1.1,0.5,3.640000000000039,F3,45
Other,10,6.070000000000043,High,1.05,0.6,2.549400000000018,F3,45
Liver,10,7.280000000000078,High,1.05,0.6,2.912000000000031,F3,45
Other,10,6.070000000000043,High,1.05,0.7,2.549400000000018,F3,45
Liver,10,7.280000000000078,High,1.05,0.7,2.1840000000000237,F3,45
Other,10,6.070000000000043,High,1.1,0.1,2.6708000000000194,F3,45
Liver,10,7.280000000000078,High,1.1,0.1,6.552000000000071,F3,45
Other,10,6.070000000000043,High,1.1,0.2,2.6708000000000194,F3,45
Liver,10,7.280000000000078,High,1.1,0.2,5.824000000000062,F3,45
Other,10,6.070000000000043,High,1.1,0.3,2.6708000000000194,F3,45
Liver,10,7.280000000000078,High,1.1,0.3,5.096000000000054,F3,45
Other,10,6.070000000000043,High,1.1,0.4,2.6708000000000194,F3,45
Liver,10,7.280000000000078,High,1.1,0.4,4.3680000000000465,F3,45
Other,10,6.070000000000043,High,1.05,0.5,2.549400000000018,F3,45
Liver,10,7.280000000000078,High,1.05,0.5,3.640000000000039,F3,45
Other,10,6.070000000000043,High,1.1,0.6,2.6708000000000194,F3,45
Liver,10,7.280000000000078,High,1.1,0.6,2.912000000000031,F3,45
Other,10,6.070000000000043,High,1.1,0.7,2.6708000000000194,F3,45
Liver,10,7.280000000000078,High,1.1,0.7,2.1840000000000237,F3,45
Other,10,16.52999999999998,High,0,0,16.52999999999998,F3,55
Liver,10,6.500000000000066,High,0,0,6.500000000000066,F3,55
Other,10,16.52999999999998,High,0.95,0,6.281399999999991,F3,55
Liver,10,6.500000000000066,High,0.95,0,6.500000000000066,F3,55
Other,10,16.52999999999998,High,0.9,0,5.950799999999992,F3,55
Liver,10,6.500000000000066,High,0.9,0,6.500000000000066,F3,55
Other,10,16.52999999999998,High,0.85,0,5.6201999999999925,F3,55
Liver,10,6.500000000000066,High,0.85,0,6.500000000000066,F3,55
Other,10,16.52999999999998,High,1,0.1,6.611999999999991,F3,55
Liver,10,6.500000000000066,High,1,0.1,5.850000000000059,F3,55
Other,10,16.52999999999998,High,1,0.2,6.611999999999991,F3,55
Liver,10,6.500000000000066,High,1,0.2,5.200000000000053,F3,55
Other,10,16.52999999999998,High,1,0.3,6.611999999999991,F3,55
Liver,10,6.500000000000066,High,1,0.3,4.550000000000046,F3,55
Other,10,16.52999999999998,High,1,0.4,6.611999999999991,F3,55
Liver,10,6.500000000000066,High,1,0.4,3.900000000000039,F3,55
Other,10,16.52999999999998,High,1,0.5,6.611999999999991,F3,55
Liver,10,6.500000000000066,High,1,0.5,3.250000000000033,F3,55
Other,10,16.52999999999998,High,1,0.6,6.611999999999991,F3,55
Liver,10,6.500000000000066,High,1,0.6,2.6000000000000263,F3,55
Other,10,16.52999999999998,High,1,0.7,6.611999999999991,F3,55
Liver,10,6.500000000000066,High,1,0.7,1.9500000000000197,F3,55
Other,10,16.52999999999998,High,0.95,0.1,6.281399999999991,F3,55
Liver,10,6.500000000000066,High,0.95,0.1,5.850000000000059,F3,55
Other,10,16.52999999999998,High,0.95,0.2,6.281399999999991,F3,55
Liver,10,6.500000000000066,High,0.95,0.2,5.200000000000053,F3,55
Other,10,16.52999999999998,High,0.95,0.3,6.281399999999991,F3,55
Liver,10,6.500000000000066,High,0.95,0.3,4.550000000000046,F3,55
Other,10,16.52999999999998,High,0.95,0.4,6.281399999999991,F3,55
Liver,10,6.500000000000066,High,0.95,0.4,3.900000000000039,F3,55
Other,10,16.52999999999998,High,0.95,0.5,6.281399999999991,F3,55
Liver,10,6.500000000000066,High,0.95,0.5,3.250000000000033,F3,55
Other,10,16.52999999999998,High,0.95,0.6,6.281399999999991,F3,55
Liver,10,6.500000000000066,High,0.95,0.6,2.6000000000000263,F3,55
Other,10,16.52999999999998,High,0.95,0.7,6.281399999999991,F3,55
Liver,10,6.500000000000066,High,0.95,0.7,1.9500000000000197,F3,55
Other,10,16.52999999999998,High,0.9,0.1,5.950799999999992,F3,55
Liver,10,6.500000000000066,High,0.9,0.1,5.850000000000059,F3,55
Other,10,16.52999999999998,High,0.9,0.2,5.950799999999992,F3,55
Liver,10,6.500000000000066,High,0.9,0.2,5.200000000000053,F3,55
Other,10,16.52999999999998,High,0.9,0.3,5.950799999999992,F3,55
Liver,10,6.500000000000066,High,0.9,0.3,4.550000000000046,F3,55
Other,10,16.52999999999998,High,0.9,0.4,5.950799999999992,F3,55
Liver,10,6.500000000000066,High,0.9,0.4,3.900000000000039,F3,55
Other,10,16.52999999999998,High,0.9,0.5,5.950799999999992,F3,55
Liver,10,6.500000000000066,High,0.9,0.5,3.250000000000033,F3,55
Other,10,16.52999999999998,High,0.9,0.6,5.950799999999992,F3,55
Liver,10,6.500000000000066,High,0.9,0.6,2.6000000000000263,F3,55
Other,10,16.52999999999998,High,0.9,0.7,5.950799999999992,F3,55
Liver,10,6.500000000000066,High,0.9,0.7,1.9500000000000197,F3,55
Other,10,16.52999999999998,High,0.85,0.1,5.6201999999999925,F3,55
Liver,10,6.500000000000066,High,0.85,0.1,5.850000000000059,F3,55
Other,10,16.52999999999998,High,0.85,0.2,5.6201999999999925,F3,55
Liver,10,6.500000000000066,High,0.85,0.2,5.200000000000053,F3,55
Other,10,16.52999999999998,High,0.85,0.3,5.6201999999999925,F3,55
Liver,10,6.500000000000066,High,0.85,0.3,4.550000000000046,F3,55
Other,10,16.52999999999998,High,0.85,0.4,5.6201999999999925,F3,55
Liver,10,6.500000000000066,High,0.85,0.4,3.900000000000039,F3,55
Other,10,16.52999999999998,High,0.85,0.5,5.6201999999999925,F3,55
Liver,10,6.500000000000066,High,0.85,0.5,3.250000000000033,F3,55
Other,10,16.52999999999998,High,0.85,0.6,5.6201999999999925,F3,55
Liver,10,6.500000000000066,High,0.85,0.6,2.6000000000000263,F3,55
Other,10,16.52999999999998,High,0.85,0.7,5.6201999999999925,F3,55
Liver,10,6.500000000000066,High,0.85,0.7,1.9500000000000197,F3,55
Other,10,16.52999999999998,High,1.05,0.1,6.942599999999992,F3,55
Liver,10,6.500000000000066,High,1.05,0.1,5.850000000000059,F3,55
Other,10,16.52999999999998,High,1.05,0.2,6.942599999999992,F3,55
Liver,10,6.500000000000066,High,1.05,0.2,5.200000000000053,F3,55
Other,10,16.52999999999998,High,1.05,0.3,6.942599999999992,F3,55
Liver,10,6.500000000000066,High,1.05,0.3,4.550000000000046,F3,55
Other,10,16.52999999999998,High,1.05,0.4,6.942599999999992,F3,55
Liver,10,6.500000000000066,High,1.05,0.4,3.900000000000039,F3,55
Other,10,16.52999999999998,High,1.1,0.5,7.27319999999999,F3,55
Liver,10,6.500000000000066,High,1.1,0.5,3.250000000000033,F3,55
Other,10,16.52999999999998,High,1.05,0.6,6.942599999999992,F3,55
Liver,10,6.500000000000066,High,1.05,0.6,2.6000000000000263,F3,55
Other,10,16.52999999999998,High,1.05,0.7,6.942599999999992,F3,55
Liver,10,6.500000000000066,High,1.05,0.7,1.9500000000000197,F3,55
Other,10,16.52999999999998,High,1.1,0.1,7.27319999999999,F3,55
Liver,10,6.500000000000066,High,1.1,0.1,5.850000000000059,F3,55
Other,10,16.52999999999998,High,1.1,0.2,7.27319999999999,F3,55
Liver,10,6.500000000000066,High,1.1,0.2,5.200000000000053,F3,55
Other,10,16.52999999999998,High,1.1,0.3,7.27319999999999,F3,55
Liver,10,6.500000000000066,High,1.1,0.3,4.550000000000046,F3,55
Other,10,16.52999999999998,High,1.1,0.4,7.27319999999999,F3,55
Liver,10,6.500000000000066,High,1.1,0.4,3.900000000000039,F3,55
Other,10,16.52999999999998,High,1.05,0.5,6.942599999999992,F3,55
Liver,10,6.500000000000066,High,1.05,0.5,3.250000000000033,F3,55
Other,10,16.52999999999998,High,1.1,0.6,7.27319999999999,F3,55
Liver,10,6.500000000000066,High,1.1,0.6,2.6000000000000263,F3,55
Other,10,16.52999999999998,High,1.1,0.7,7.27319999999999,F3,55
Liver,10,6.500000000000066,High,1.1,0.7,1.9500000000000197,F3,55
Other,10,39.10999999999896,High,0,0,39.10999999999896,F3,65
Liver,10,5.780000000000029,High,0,0,5.780000000000029,F3,65
Other,10,39.10999999999896,High,0.95,0,14.861799999999606,F3,65
Liver,10,5.780000000000029,High,0.95,0,5.780000000000029,F3,65
Other,10,39.10999999999896,High,0.9,0,14.079599999999628,F3,65
Liver,10,5.780000000000029,High,0.9,0,5.780000000000029,F3,65
Other,10,39.10999999999896,High,0.85,0,13.297399999999648,F3,65
Liver,10,5.780000000000029,High,0.85,0,5.780000000000029,F3,65
Other,10,39.10999999999896,High,1,0.1,15.643999999999586,F3,65
Liver,10,5.780000000000029,High,1,0.1,5.202000000000026,F3,65
Other,10,39.10999999999896,High,1,0.2,15.643999999999586,F3,65
Liver,10,5.780000000000029,High,1,0.2,4.624000000000024,F3,65
Other,10,39.10999999999896,High,1,0.3,15.643999999999586,F3,65
Liver,10,5.780000000000029,High,1,0.3,4.04600000000002,F3,65
Other,10,39.10999999999896,High,1,0.4,15.643999999999586,F3,65
Liver,10,5.780000000000029,High,1,0.4,3.468000000000017,F3,65
Other,10,39.10999999999896,High,1,0.5,15.643999999999586,F3,65
Liver,10,5.780000000000029,High,1,0.5,2.8900000000000143,F3,65
Other,10,39.10999999999896,High,1,0.6,15.643999999999586,F3,65
Liver,10,5.780000000000029,High,1,0.6,2.312000000000012,F3,65
Other,10,39.10999999999896,High,1,0.7,15.643999999999586,F3,65
Liver,10,5.780000000000029,High,1,0.7,1.7340000000000089,F3,65
Other,10,39.10999999999896,High,0.95,0.1,14.861799999999606,F3,65
Liver,10,5.780000000000029,High,0.95,0.1,5.202000000000026,F3,65
Other,10,39.10999999999896,High,0.95,0.2,14.861799999999606,F3,65
Liver,10,5.780000000000029,High,0.95,0.2,4.624000000000024,F3,65
Other,10,39.10999999999896,High,0.95,0.3,14.861799999999606,F3,65
Liver,10,5.780000000000029,High,0.95,0.3,4.04600000000002,F3,65
Other,10,39.10999999999896,High,0.95,0.4,14.861799999999606,F3,65
Liver,10,5.780000000000029,High,0.95,0.4,3.468000000000017,F3,65
Other,10,39.10999999999896,High,0.95,0.5,14.861799999999606,F3,65
Liver,10,5.780000000000029,High,0.95,0.5,2.8900000000000143,F3,65
Other,10,39.10999999999896,High,0.95,0.6,14.861799999999606,F3,65
Liver,10,5.780000000000029,High,0.95,0.6,2.312000000000012,F3,65
Other,10,39.10999999999896,High,0.95,0.7,14.861799999999606,F3,65
Liver,10,5.780000000000029,High,0.95,0.7,1.7340000000000089,F3,65
Other,10,39.10999999999896,High,0.9,0.1,14.079599999999628,F3,65
Liver,10,5.780000000000029,High,0.9,0.1,5.202000000000026,F3,65
Other,10,39.10999999999896,High,0.9,0.2,14.079599999999628,F3,65
Liver,10,5.780000000000029,High,0.9,0.2,4.624000000000024,F3,65
Other,10,39.10999999999896,High,0.9,0.3,14.079599999999628,F3,65
Liver,10,5.780000000000029,High,0.9,0.3,4.04600000000002,F3,65
Other,10,39.10999999999896,High,0.9,0.4,14.079599999999628,F3,65
Liver,10,5.780000000000029,High,0.9,0.4,3.468000000000017,F3,65
Other,10,39.10999999999896,High,0.9,0.5,14.079599999999628,F3,65
Liver,10,5.780000000000029,High,0.9,0.5,2.8900000000000143,F3,65
Other,10,39.10999999999896,High,0.9,0.6,14.079599999999628,F3,65
Liver,10,5.780000000000029,High,0.9,0.6,2.312000000000012,F3,65
Other,10,39.10999999999896,High,0.9,0.7,14.079599999999628,F3,65
Liver,10,5.780000000000029,High,0.9,0.7,1.7340000000000089,F3,65
Other,10,39.10999999999896,High,0.85,0.1,13.297399999999648,F3,65
Liver,10,5.780000000000029,High,0.85,0.1,5.202000000000026,F3,65
Other,10,39.10999999999896,High,0.85,0.2,13.297399999999648,F3,65
Liver,10,5.780000000000029,High,0.85,0.2,4.624000000000024,F3,65
Other,10,39.10999999999896,High,0.85,0.3,13.297399999999648,F3,65
Liver,10,5.780000000000029,High,0.85,0.3,4.04600000000002,F3,65
Other,10,39.10999999999896,High,0.85,0.4,13.297399999999648,F3,65
Liver,10,5.780000000000029,High,0.85,0.4,3.468000000000017,F3,65
Other,10,39.10999999999896,High,0.85,0.5,13.297399999999648,F3,65
Liver,10,5.780000000000029,High,0.85,0.5,2.8900000000000143,F3,65
Other,10,39.10999999999896,High,0.85,0.6,13.297399999999648,F3,65
Liver,10,5.780000000000029,High,0.85,0.6,2.312000000000012,F3,65
Other,10,39.10999999999896,High,0.85,0.7,13.297399999999648,F3,65
Liver,10,5.780000000000029,High,0.85,0.7,1.7340000000000089,F3,65
Other,10,39.10999999999896,High,1.05,0.1,16.426199999999564,F3,65
Liver,10,5.780000000000029,High,1.05,0.1,5.202000000000026,F3,65
Other,10,39.10999999999896,High,1.05,0.2,16.426199999999564,F3,65
Liver,10,5.780000000000029,High,1.05,0.2,4.624000000000024,F3,65
Other,10,39.10999999999896,High,1.05,0.3,16.426199999999564,F3,65
Liver,10,5.780000000000029,High,1.05,0.3,4.04600000000002,F3,65
Other,10,39.10999999999896,High,1.05,0.4,16.426199999999564,F3,65
Liver,10,5.780000000000029,High,1.05,0.4,3.468000000000017,F3,65
Other,10,39.10999999999896,High,1.1,0.5,17.208399999999546,F3,65
Liver,10,5.780000000000029,High,1.1,0.5,2.8900000000000143,F3,65
Other,10,39.10999999999896,High,1.05,0.6,16.426199999999564,F3,65
Liver,10,5.780000000000029,High,1.05,0.6,2.312000000000012,F3,65
Other,10,39.10999999999896,High,1.05,0.7,16.426199999999564,F3,65
Liver,10,5.780000000000029,High,1.05,0.7,1.7340000000000089,F3,65
Other,10,39.10999999999896,High,1.1,0.1,17.208399999999546,F3,65
Liver,10,5.780000000000029,High,1.1,0.1,5.202000000000026,F3,65
Other,10,39.10999999999896,High,1.1,0.2,17.208399999999546,F3,65
Liver,10,5.780000000000029,High,1.1,0.2,4.624000000000024,F3,65
Other,10,39.10999999999896,High,1.1,0.3,17.208399999999546,F3,65
Liver,10,5.780000000000029,High,1.1,0.3,4.04600000000002,F3,65
Other,10,39.10999999999896,High,1.1,0.4,17.208399999999546,F3,65
Liver,10,5.780000000000029,High,1.1,0.4,3.468000000000017,F3,65
Other,10,39.10999999999896,High,1.05,0.5,16.426199999999564,F3,65
Liver,10,5.780000000000029,High,1.05,0.5,2.8900000000000143,F3,65
Other,10,39.10999999999896,High,1.1,0.6,17.208399999999546,F3,65
Liver,10,5.780000000000029,High,1.1,0.6,2.312000000000012,F3,65
Other,10,39.10999999999896,High,1.1,0.7,17.208399999999546,F3,65
Liver,10,5.780000000000029,High,1.1,0.7,1.7340000000000089,F3,65
